,date,komuna,new,id,komuna_raw,X,Y
0,2020-06-18,Deçan,0,0,Decan,20.243400735090102,42.5623945553133
1,2020-06-19,Deçan,0,0,Decan,20.243400735090102,42.5623945553133
2,2020-06-20,Deçan,0,0,Decan,20.243400735090102,42.5623945553133
3,2020-06-21,Deçan,0,0,Decan,20.243400735090102,42.5623945553133
4,2020-06-22,Deçan,0,0,Decan,20.243400735090102,42.5623945553133
5,2020-06-23,Deçan,0,0,Decan,20.243400735090102,42.5623945553133
6,2020-06-24,Deçan,0,0,Decan,20.243400735090102,42.5623945553133
7,2020-06-25,Deçan,0,0,Decan,20.243400735090102,42.5623945553133
8,2020-06-26,Deçan,0,0,Decan,20.243400735090102,42.5623945553133
9,2020-06-27,Deçan,0,0,Decan,20.243400735090102,42.5623945553133
10,2020-06-28,Deçan,0,0,Decan,20.243400735090102,42.5623945553133
11,2020-06-29,Deçan,0,0,Decan,20.243400735090102,42.5623945553133
12,2020-06-30,Deçan,0,0,Decan,20.243400735090102,42.5623945553133
13,2020-07-01,Deçan,0,0,Decan,20.243400735090102,42.5623945553133
14,2020-07-02,Deçan,0,0,Decan,20.243400735090102,42.5623945553133
15,2020-07-03,Deçan,0,0,Decan,20.243400735090102,42.5623945553133
16,2020-07-04,Deçan,0,0,Decan,20.243400735090102,42.5623945553133
17,2020-07-05,Deçan,0,0,Decan,20.243400735090102,42.5623945553133
18,2020-07-06,Deçan,6,0,Decan,20.243400735090102,42.5623945553133
19,2020-07-07,Deçan,0,0,Decan,20.243400735090102,42.5623945553133
20,2020-07-08,Deçan,0,0,Decan,20.243400735090102,42.5623945553133
21,2020-06-18,Gjakovë,0,1,Gjakove,20.3612940575193,42.4055034707496
22,2020-06-19,Gjakovë,14,1,Gjakove,20.3612940575193,42.4055034707496
23,2020-06-20,Gjakovë,0,1,Gjakove,20.3612940575193,42.4055034707496
24,2020-06-21,Gjakovë,0,1,Gjakove,20.3612940575193,42.4055034707496
25,2020-06-22,Gjakovë,0,1,Gjakove,20.3612940575193,42.4055034707496
26,2020-06-23,Gjakovë,0,1,Gjakove,20.3612940575193,42.4055034707496
27,2020-06-24,Gjakovë,3,1,Gjakove,20.3612940575193,42.4055034707496
28,2020-06-25,Gjakovë,0,1,Gjakove,20.3612940575193,42.4055034707496
29,2020-06-26,Gjakovë,3,1,Gjakove,20.3612940575193,42.4055034707496
30,2020-06-27,Gjakovë,3,1,Gjakove,20.3612940575193,42.4055034707496
31,2020-06-28,Gjakovë,0,1,Gjakove,20.3612940575193,42.4055034707496
32,2020-06-29,Gjakovë,8,1,Gjakove,20.3612940575193,42.4055034707496
33,2020-06-30,Gjakovë,3,1,Gjakove,20.3612940575193,42.4055034707496
34,2020-07-01,Gjakovë,0,1,Gjakove,20.3612940575193,42.4055034707496
35,2020-07-02,Gjakovë,0,1,Gjakove,20.3612940575193,42.4055034707496
36,2020-07-03,Gjakovë,7,1,Gjakove,20.3612940575193,42.4055034707496
37,2020-07-04,Gjakovë,0,1,Gjakove,20.3612940575193,42.4055034707496
38,2020-07-05,Gjakovë,5,1,Gjakove,20.3612940575193,42.4055034707496
39,2020-07-06,Gjakovë,10,1,Gjakove,20.3612940575193,42.4055034707496
40,2020-07-07,Gjakovë,0,1,Gjakove,20.3612940575193,42.4055034707496
41,2020-07-08,Gjakovë,2,1,Gjakove,20.3612940575193,42.4055034707496
42,2020-06-18,Gjilan,12,2,Gjilan,21.585032793763,42.4034350546574
43,2020-06-19,Gjilan,0,2,Gjilan,21.585032793763,42.4034350546574
44,2020-06-20,Gjilan,0,2,Gjilan,21.585032793763,42.4034350546574
45,2020-06-21,Gjilan,20,2,Gjilan,21.585032793763,42.4034350546574
46,2020-06-22,Gjilan,3,2,Gjilan,21.585032793763,42.4034350546574
47,2020-06-23,Gjilan,3,2,Gjilan,21.585032793763,42.4034350546574
48,2020-06-24,Gjilan,8,2,Gjilan,21.585032793763,42.4034350546574
49,2020-06-25,Gjilan,0,2,Gjilan,21.585032793763,42.4034350546574
50,2020-06-26,Gjilan,3,2,Gjilan,21.585032793763,42.4034350546574
51,2020-06-27,Gjilan,4,2,Gjilan,21.585032793763,42.4034350546574
52,2020-06-28,Gjilan,4,2,Gjilan,21.585032793763,42.4034350546574
53,2020-06-29,Gjilan,5,2,Gjilan,21.585032793763,42.4034350546574
54,2020-06-30,Gjilan,0,2,Gjilan,21.585032793763,42.4034350546574
55,2020-07-01,Gjilan,12,2,Gjilan,21.585032793763,42.4034350546574
56,2020-07-02,Gjilan,0,2,Gjilan,21.585032793763,42.4034350546574
57,2020-07-03,Gjilan,4,2,Gjilan,21.585032793763,42.4034350546574
58,2020-07-04,Gjilan,9,2,Gjilan,21.585032793763,42.4034350546574
59,2020-07-05,Gjilan,7,2,Gjilan,21.585032793763,42.4034350546574
60,2020-07-06,Gjilan,8,2,Gjilan,21.585032793763,42.4034350546574
61,2020-07-07,Gjilan,20,2,Gjilan,21.585032793763,42.4034350546574
62,2020-07-08,Gjilan,0,2,Gjilan,21.585032793763,42.4034350546574
63,2020-06-18,Drenas,0,3,Drenas,,
64,2020-06-19,Drenas,0,3,Drenas,,
65,2020-06-20,Drenas,0,3,Drenas,,
66,2020-06-21,Drenas,2,3,Drenas,,
67,2020-06-22,Drenas,0,3,Drenas,,
68,2020-06-23,Drenas,0,3,Drenas,,
69,2020-06-24,Drenas,0,3,Drenas,,
70,2020-06-25,Drenas,0,3,Drenas,,
71,2020-06-26,Drenas,0,3,Drenas,,
72,2020-06-27,Drenas,0,3,Drenas,,
73,2020-06-28,Drenas,0,3,Drenas,,
74,2020-06-29,Drenas,0,3,Drenas,,
75,2020-06-30,Drenas,0,3,Drenas,,
76,2020-07-01,Drenas,3,3,Drenas,,
77,2020-07-02,Drenas,0,3,Drenas,,
78,2020-07-03,Drenas,0,3,Drenas,,
79,2020-07-04,Drenas,9,3,Drenas,,
80,2020-07-05,Drenas,5,3,Drenas,,
81,2020-07-06,Drenas,4,3,Drenas,,
82,2020-07-07,Drenas,4,3,Drenas,,
83,2020-07-08,Drenas,3,3,Drenas,,
84,2020-06-18,Istog,0,4,Istog,20.491635549751603,42.7856328246819
85,2020-06-19,Istog,0,4,Istog,20.491635549751603,42.7856328246819
86,2020-06-20,Istog,3,4,Istog,20.491635549751603,42.7856328246819
87,2020-06-21,Istog,0,4,Istog,20.491635549751603,42.7856328246819
88,2020-06-22,Istog,0,4,Istog,20.491635549751603,42.7856328246819
89,2020-06-23,Istog,0,4,Istog,20.491635549751603,42.7856328246819
90,2020-06-24,Istog,2,4,Istog,20.491635549751603,42.7856328246819
91,2020-06-25,Istog,8,4,Istog,20.491635549751603,42.7856328246819
92,2020-06-26,Istog,0,4,Istog,20.491635549751603,42.7856328246819
93,2020-06-27,Istog,0,4,Istog,20.491635549751603,42.7856328246819
94,2020-06-28,Istog,0,4,Istog,20.491635549751603,42.7856328246819
95,2020-06-29,Istog,0,4,Istog,20.491635549751603,42.7856328246819
96,2020-06-30,Istog,0,4,Istog,20.491635549751603,42.7856328246819
97,2020-07-01,Istog,0,4,Istog,20.491635549751603,42.7856328246819
98,2020-07-02,Istog,0,4,Istog,20.491635549751603,42.7856328246819
99,2020-07-03,Istog,0,4,Istog,20.491635549751603,42.7856328246819
100,2020-07-04,Istog,0,4,Istog,20.491635549751603,42.7856328246819
101,2020-07-05,Istog,0,4,Istog,20.491635549751603,42.7856328246819
102,2020-07-06,Istog,0,4,Istog,20.491635549751603,42.7856328246819
103,2020-07-07,Istog,0,4,Istog,20.491635549751603,42.7856328246819
104,2020-07-08,Istog,0,4,Istog,20.491635549751603,42.7856328246819
105,2020-06-18,Dragash,8,5,Dragash,20.6779653106882,42.0044138017949
106,2020-06-19,Dragash,0,5,Dragash,20.6779653106882,42.0044138017949
107,2020-06-20,Dragash,0,5,Dragash,20.6779653106882,42.0044138017949
108,2020-06-21,Dragash,0,5,Dragash,20.6779653106882,42.0044138017949
109,2020-06-22,Dragash,0,5,Dragash,20.6779653106882,42.0044138017949
110,2020-06-23,Dragash,0,5,Dragash,20.6779653106882,42.0044138017949
111,2020-06-24,Dragash,0,5,Dragash,20.6779653106882,42.0044138017949
112,2020-06-25,Dragash,0,5,Dragash,20.6779653106882,42.0044138017949
113,2020-06-26,Dragash,0,5,Dragash,20.6779653106882,42.0044138017949
114,2020-06-27,Dragash,0,5,Dragash,20.6779653106882,42.0044138017949
115,2020-06-28,Dragash,0,5,Dragash,20.6779653106882,42.0044138017949
116,2020-06-29,Dragash,0,5,Dragash,20.6779653106882,42.0044138017949
117,2020-06-30,Dragash,0,5,Dragash,20.6779653106882,42.0044138017949
118,2020-07-01,Dragash,0,5,Dragash,20.6779653106882,42.0044138017949
119,2020-07-02,Dragash,0,5,Dragash,20.6779653106882,42.0044138017949
120,2020-07-03,Dragash,0,5,Dragash,20.6779653106882,42.0044138017949
121,2020-07-04,Dragash,0,5,Dragash,20.6779653106882,42.0044138017949
122,2020-07-05,Dragash,0,5,Dragash,20.6779653106882,42.0044138017949
123,2020-07-06,Dragash,0,5,Dragash,20.6779653106882,42.0044138017949
124,2020-07-07,Dragash,0,5,Dragash,20.6779653106882,42.0044138017949
125,2020-07-08,Dragash,0,5,Dragash,20.6779653106882,42.0044138017949
126,2020-06-18,Klinë,0,6,Kline,20.6082499726122,42.6153824056086
127,2020-06-19,Klinë,0,6,Kline,20.6082499726122,42.6153824056086
128,2020-06-20,Klinë,0,6,Kline,20.6082499726122,42.6153824056086
129,2020-06-21,Klinë,0,6,Kline,20.6082499726122,42.6153824056086
130,2020-06-22,Klinë,0,6,Kline,20.6082499726122,42.6153824056086
131,2020-06-23,Klinë,0,6,Kline,20.6082499726122,42.6153824056086
132,2020-06-24,Klinë,0,6,Kline,20.6082499726122,42.6153824056086
133,2020-06-25,Klinë,0,6,Kline,20.6082499726122,42.6153824056086
134,2020-06-26,Klinë,0,6,Kline,20.6082499726122,42.6153824056086
135,2020-06-27,Klinë,0,6,Kline,20.6082499726122,42.6153824056086
136,2020-06-28,Klinë,0,6,Kline,20.6082499726122,42.6153824056086
137,2020-06-29,Klinë,0,6,Kline,20.6082499726122,42.6153824056086
138,2020-06-30,Klinë,0,6,Kline,20.6082499726122,42.6153824056086
139,2020-07-01,Klinë,0,6,Kline,20.6082499726122,42.6153824056086
140,2020-07-02,Klinë,0,6,Kline,20.6082499726122,42.6153824056086
141,2020-07-03,Klinë,0,6,Kline,20.6082499726122,42.6153824056086
142,2020-07-04,Klinë,0,6,Kline,20.6082499726122,42.6153824056086
143,2020-07-05,Klinë,0,6,Kline,20.6082499726122,42.6153824056086
144,2020-07-06,Klinë,0,6,Kline,20.6082499726122,42.6153824056086
145,2020-07-07,Klinë,0,6,Kline,20.6082499726122,42.6153824056086
146,2020-07-08,Klinë,0,6,Kline,20.6082499726122,42.6153824056086
147,2020-06-18,Kaçanik,0,7,Kacanik,21.2555538435172,42.24341555847
148,2020-06-19,Kaçanik,0,7,Kacanik,21.2555538435172,42.24341555847
149,2020-06-20,Kaçanik,0,7,Kacanik,21.2555538435172,42.24341555847
150,2020-06-21,Kaçanik,0,7,Kacanik,21.2555538435172,42.24341555847
151,2020-06-22,Kaçanik,0,7,Kacanik,21.2555538435172,42.24341555847
152,2020-06-23,Kaçanik,0,7,Kacanik,21.2555538435172,42.24341555847
153,2020-06-24,Kaçanik,0,7,Kacanik,21.2555538435172,42.24341555847
154,2020-06-25,Kaçanik,0,7,Kacanik,21.2555538435172,42.24341555847
155,2020-06-26,Kaçanik,0,7,Kacanik,21.2555538435172,42.24341555847
156,2020-06-27,Kaçanik,0,7,Kacanik,21.2555538435172,42.24341555847
157,2020-06-28,Kaçanik,0,7,Kacanik,21.2555538435172,42.24341555847
158,2020-06-29,Kaçanik,0,7,Kacanik,21.2555538435172,42.24341555847
159,2020-06-30,Kaçanik,0,7,Kacanik,21.2555538435172,42.24341555847
160,2020-07-01,Kaçanik,0,7,Kacanik,21.2555538435172,42.24341555847
161,2020-07-02,Kaçanik,0,7,Kacanik,21.2555538435172,42.24341555847
162,2020-07-03,Kaçanik,0,7,Kacanik,21.2555538435172,42.24341555847
163,2020-07-04,Kaçanik,0,7,Kacanik,21.2555538435172,42.24341555847
164,2020-07-05,Kaçanik,3,7,Kacanik,21.2555538435172,42.24341555847
165,2020-07-06,Kaçanik,0,7,Kacanik,21.2555538435172,42.24341555847
166,2020-07-07,Kaçanik,0,7,Kacanik,21.2555538435172,42.24341555847
167,2020-07-08,Kaçanik,0,7,Kacanik,21.2555538435172,42.24341555847
168,2020-06-18,Kamenicë,0,9,Kamenice,21.643507975079398,42.629213279606
169,2020-06-19,Kamenicë,0,9,Kamenice,21.643507975079398,42.629213279606
170,2020-06-20,Kamenicë,0,9,Kamenice,21.643507975079398,42.629213279606
171,2020-06-21,Kamenicë,0,9,Kamenice,21.643507975079398,42.629213279606
172,2020-06-22,Kamenicë,0,9,Kamenice,21.643507975079398,42.629213279606
173,2020-06-23,Kamenicë,0,9,Kamenice,21.643507975079398,42.629213279606
174,2020-06-24,Kamenicë,0,9,Kamenice,21.643507975079398,42.629213279606
175,2020-06-25,Kamenicë,0,9,Kamenice,21.643507975079398,42.629213279606
176,2020-06-26,Kamenicë,2,9,Kamenice,21.643507975079398,42.629213279606
177,2020-06-27,Kamenicë,0,9,Kamenice,21.643507975079398,42.629213279606
178,2020-06-28,Kamenicë,0,9,Kamenice,21.643507975079398,42.629213279606
179,2020-06-29,Kamenicë,3,9,Kamenice,21.643507975079398,42.629213279606
180,2020-06-30,Kamenicë,0,9,Kamenice,21.643507975079398,42.629213279606
181,2020-07-01,Kamenicë,0,9,Kamenice,21.643507975079398,42.629213279606
182,2020-07-02,Kamenicë,0,9,Kamenice,21.643507975079398,42.629213279606
183,2020-07-03,Kamenicë,0,9,Kamenice,21.643507975079398,42.629213279606
184,2020-07-04,Kamenicë,0,9,Kamenice,21.643507975079398,42.629213279606
185,2020-07-05,Kamenicë,2,9,Kamenice,21.643507975079398,42.629213279606
186,2020-07-06,Kamenicë,0,9,Kamenice,21.643507975079398,42.629213279606
187,2020-07-07,Kamenicë,3,9,Kamenice,21.643507975079398,42.629213279606
188,2020-07-08,Kamenicë,0,9,Kamenice,21.643507975079398,42.629213279606
189,2020-06-18,Fushë Kosovë,0,10,Fushe Kosove,21.039319563087197,42.61821118390711
190,2020-06-19,Fushë Kosovë,0,10,Fushe Kosove,21.039319563087197,42.61821118390711
191,2020-06-20,Fushë Kosovë,5,10,Fushe Kosove,21.039319563087197,42.61821118390711
192,2020-06-21,Fushë Kosovë,0,10,Fushe Kosove,21.039319563087197,42.61821118390711
193,2020-06-22,Fushë Kosovë,0,10,Fushe Kosove,21.039319563087197,42.61821118390711
194,2020-06-23,Fushë Kosovë,5,10,Fushe Kosove,21.039319563087197,42.61821118390711
195,2020-06-24,Fushë Kosovë,0,10,Fushe Kosove,21.039319563087197,42.61821118390711
196,2020-06-25,Fushë Kosovë,5,10,Fushe Kosove,21.039319563087197,42.61821118390711
197,2020-06-26,Fushë Kosovë,0,10,Fushe Kosove,21.039319563087197,42.61821118390711
198,2020-06-27,Fushë Kosovë,0,10,Fushe Kosove,21.039319563087197,42.61821118390711
199,2020-06-28,Fushë Kosovë,3,10,Fushe Kosove,21.039319563087197,42.61821118390711
200,2020-06-29,Fushë Kosovë,5,10,Fushe Kosove,21.039319563087197,42.61821118390711
201,2020-06-30,Fushë Kosovë,7,10,Fushe Kosove,21.039319563087197,42.61821118390711
202,2020-07-01,Fushë Kosovë,6,10,Fushe Kosove,21.039319563087197,42.61821118390711
203,2020-07-02,Fushë Kosovë,3,10,Fushe Kosove,21.039319563087197,42.61821118390711
204,2020-07-03,Fushë Kosovë,0,10,Fushe Kosove,21.039319563087197,42.61821118390711
205,2020-07-04,Fushë Kosovë,16,10,Fushe Kosove,21.039319563087197,42.61821118390711
206,2020-07-05,Fushë Kosovë,11,10,Fushe Kosove,21.039319563087197,42.61821118390711
207,2020-07-06,Fushë Kosovë,11,10,Fushe Kosove,21.039319563087197,42.61821118390711
208,2020-07-07,Fushë Kosovë,10,10,Fushe Kosove,21.039319563087197,42.61821118390711
209,2020-07-08,Fushë Kosovë,13,10,Fushe Kosove,21.039319563087197,42.61821118390711
210,2020-06-18,Leposaviq,0,11,Leposaviq,20.8112414789355,43.12852326517321
211,2020-06-19,Leposaviq,0,11,Leposaviq,20.8112414789355,43.12852326517321
212,2020-06-20,Leposaviq,0,11,Leposaviq,20.8112414789355,43.12852326517321
213,2020-06-21,Leposaviq,0,11,Leposaviq,20.8112414789355,43.12852326517321
214,2020-06-22,Leposaviq,0,11,Leposaviq,20.8112414789355,43.12852326517321
215,2020-06-23,Leposaviq,0,11,Leposaviq,20.8112414789355,43.12852326517321
216,2020-06-24,Leposaviq,0,11,Leposaviq,20.8112414789355,43.12852326517321
217,2020-06-25,Leposaviq,0,11,Leposaviq,20.8112414789355,43.12852326517321
218,2020-06-26,Leposaviq,0,11,Leposaviq,20.8112414789355,43.12852326517321
219,2020-06-27,Leposaviq,0,11,Leposaviq,20.8112414789355,43.12852326517321
220,2020-06-28,Leposaviq,0,11,Leposaviq,20.8112414789355,43.12852326517321
221,2020-06-29,Leposaviq,0,11,Leposaviq,20.8112414789355,43.12852326517321
222,2020-06-30,Leposaviq,0,11,Leposaviq,20.8112414789355,43.12852326517321
223,2020-07-01,Leposaviq,0,11,Leposaviq,20.8112414789355,43.12852326517321
224,2020-07-02,Leposaviq,0,11,Leposaviq,20.8112414789355,43.12852326517321
225,2020-07-03,Leposaviq,0,11,Leposaviq,20.8112414789355,43.12852326517321
226,2020-07-04,Leposaviq,0,11,Leposaviq,20.8112414789355,43.12852326517321
227,2020-07-05,Leposaviq,0,11,Leposaviq,20.8112414789355,43.12852326517321
228,2020-07-06,Leposaviq,0,11,Leposaviq,20.8112414789355,43.12852326517321
229,2020-07-07,Leposaviq,0,11,Leposaviq,20.8112414789355,43.12852326517321
230,2020-07-08,Leposaviq,0,11,Leposaviq,20.8112414789355,43.12852326517321
231,2020-06-18,Mitrovicë,9,12,Mitrovice,20.935126487940103,42.9434500137801
232,2020-06-19,Mitrovicë,0,12,Mitrovice,20.935126487940103,42.9434500137801
233,2020-06-20,Mitrovicë,7,12,Mitrovice,20.935126487940103,42.9434500137801
234,2020-06-21,Mitrovicë,15,12,Mitrovice,20.935126487940103,42.9434500137801
235,2020-06-22,Mitrovicë,0,12,Mitrovice,20.935126487940103,42.9434500137801
236,2020-06-23,Mitrovicë,0,12,Mitrovice,20.935126487940103,42.9434500137801
237,2020-06-24,Mitrovicë,0,12,Mitrovice,20.935126487940103,42.9434500137801
238,2020-06-25,Mitrovicë,3,12,Mitrovice,20.935126487940103,42.9434500137801
239,2020-06-26,Mitrovicë,0,12,Mitrovice,20.935126487940103,42.9434500137801
240,2020-06-27,Mitrovicë,3,12,Mitrovice,20.935126487940103,42.9434500137801
241,2020-06-28,Mitrovicë,6,12,Mitrovice,20.935126487940103,42.9434500137801
242,2020-06-29,Mitrovicë,0,12,Mitrovice,20.935126487940103,42.9434500137801
243,2020-06-30,Mitrovicë,4,12,Mitrovice,20.935126487940103,42.9434500137801
244,2020-07-01,Mitrovicë,10,12,Mitrovice,20.935126487940103,42.9434500137801
245,2020-07-02,Mitrovicë,0,12,Mitrovice,20.935126487940103,42.9434500137801
246,2020-07-03,Mitrovicë,9,12,Mitrovice,20.935126487940103,42.9434500137801
247,2020-07-04,Mitrovicë,4,12,Mitrovice,20.935126487940103,42.9434500137801
248,2020-07-05,Mitrovicë,8,12,Mitrovice,20.935126487940103,42.9434500137801
249,2020-07-06,Mitrovicë,5,12,Mitrovice,20.935126487940103,42.9434500137801
250,2020-07-07,Mitrovicë,9,12,Mitrovice,20.935126487940103,42.9434500137801
251,2020-07-08,Mitrovicë,35,12,Mitrovice,20.935126487940103,42.9434500137801
252,2020-06-18,Obiliq,0,13,Obiliq,21.078835930931803,42.726851645924505
253,2020-06-19,Obiliq,0,13,Obiliq,21.078835930931803,42.726851645924505
254,2020-06-20,Obiliq,0,13,Obiliq,21.078835930931803,42.726851645924505
255,2020-06-21,Obiliq,0,13,Obiliq,21.078835930931803,42.726851645924505
256,2020-06-22,Obiliq,0,13,Obiliq,21.078835930931803,42.726851645924505
257,2020-06-23,Obiliq,0,13,Obiliq,21.078835930931803,42.726851645924505
258,2020-06-24,Obiliq,0,13,Obiliq,21.078835930931803,42.726851645924505
259,2020-06-25,Obiliq,0,13,Obiliq,21.078835930931803,42.726851645924505
260,2020-06-26,Obiliq,0,13,Obiliq,21.078835930931803,42.726851645924505
261,2020-06-27,Obiliq,0,13,Obiliq,21.078835930931803,42.726851645924505
262,2020-06-28,Obiliq,0,13,Obiliq,21.078835930931803,42.726851645924505
263,2020-06-29,Obiliq,0,13,Obiliq,21.078835930931803,42.726851645924505
264,2020-06-30,Obiliq,0,13,Obiliq,21.078835930931803,42.726851645924505
265,2020-07-01,Obiliq,0,13,Obiliq,21.078835930931803,42.726851645924505
266,2020-07-02,Obiliq,3,13,Obiliq,21.078835930931803,42.726851645924505
267,2020-07-03,Obiliq,0,13,Obiliq,21.078835930931803,42.726851645924505
268,2020-07-04,Obiliq,0,13,Obiliq,21.078835930931803,42.726851645924505
269,2020-07-05,Obiliq,3,13,Obiliq,21.078835930931803,42.726851645924505
270,2020-07-06,Obiliq,3,13,Obiliq,21.078835930931803,42.726851645924505
271,2020-07-07,Obiliq,0,13,Obiliq,21.078835930931803,42.726851645924505
272,2020-07-08,Obiliq,2,13,Obiliq,21.078835930931803,42.726851645924505
273,2020-06-18,Novobërdë,0,14,Novoberde,21.4198755770514,42.5544089502188
274,2020-06-19,Novobërdë,0,14,Novoberde,21.4198755770514,42.5544089502188
275,2020-06-20,Novobërdë,0,14,Novoberde,21.4198755770514,42.5544089502188
276,2020-06-21,Novobërdë,0,14,Novoberde,21.4198755770514,42.5544089502188
277,2020-06-22,Novobërdë,0,14,Novoberde,21.4198755770514,42.5544089502188
278,2020-06-23,Novobërdë,0,14,Novoberde,21.4198755770514,42.5544089502188
279,2020-06-24,Novobërdë,0,14,Novoberde,21.4198755770514,42.5544089502188
280,2020-06-25,Novobërdë,0,14,Novoberde,21.4198755770514,42.5544089502188
281,2020-06-26,Novobërdë,0,14,Novoberde,21.4198755770514,42.5544089502188
282,2020-06-27,Novobërdë,0,14,Novoberde,21.4198755770514,42.5544089502188
283,2020-06-28,Novobërdë,0,14,Novoberde,21.4198755770514,42.5544089502188
284,2020-06-29,Novobërdë,0,14,Novoberde,21.4198755770514,42.5544089502188
285,2020-06-30,Novobërdë,0,14,Novoberde,21.4198755770514,42.5544089502188
286,2020-07-01,Novobërdë,0,14,Novoberde,21.4198755770514,42.5544089502188
287,2020-07-02,Novobërdë,0,14,Novoberde,21.4198755770514,42.5544089502188
288,2020-07-03,Novobërdë,0,14,Novoberde,21.4198755770514,42.5544089502188
289,2020-07-04,Novobërdë,0,14,Novoberde,21.4198755770514,42.5544089502188
290,2020-07-05,Novobërdë,0,14,Novoberde,21.4198755770514,42.5544089502188
291,2020-07-06,Novobërdë,0,14,Novoberde,21.4198755770514,42.5544089502188
292,2020-07-07,Novobërdë,0,14,Novoberde,21.4198755770514,42.5544089502188
293,2020-07-08,Novobërdë,0,14,Novoberde,21.4198755770514,42.5544089502188
294,2020-06-18,Lipjan,0,15,Lipjan,21.020850184958302,42.5347009965035
295,2020-06-19,Lipjan,0,15,Lipjan,21.020850184958302,42.5347009965035
296,2020-06-20,Lipjan,0,15,Lipjan,21.020850184958302,42.5347009965035
297,2020-06-21,Lipjan,0,15,Lipjan,21.020850184958302,42.5347009965035
298,2020-06-22,Lipjan,0,15,Lipjan,21.020850184958302,42.5347009965035
299,2020-06-23,Lipjan,0,15,Lipjan,21.020850184958302,42.5347009965035
300,2020-06-24,Lipjan,2,15,Lipjan,21.020850184958302,42.5347009965035
301,2020-06-25,Lipjan,0,15,Lipjan,21.020850184958302,42.5347009965035
302,2020-06-26,Lipjan,2,15,Lipjan,21.020850184958302,42.5347009965035
303,2020-06-27,Lipjan,0,15,Lipjan,21.020850184958302,42.5347009965035
304,2020-06-28,Lipjan,4,15,Lipjan,21.020850184958302,42.5347009965035
305,2020-06-29,Lipjan,0,15,Lipjan,21.020850184958302,42.5347009965035
306,2020-06-30,Lipjan,2,15,Lipjan,21.020850184958302,42.5347009965035
307,2020-07-01,Lipjan,0,15,Lipjan,21.020850184958302,42.5347009965035
308,2020-07-02,Lipjan,7,15,Lipjan,21.020850184958302,42.5347009965035
309,2020-07-03,Lipjan,0,15,Lipjan,21.020850184958302,42.5347009965035
310,2020-07-04,Lipjan,6,15,Lipjan,21.020850184958302,42.5347009965035
311,2020-07-05,Lipjan,3,15,Lipjan,21.020850184958302,42.5347009965035
312,2020-07-06,Lipjan,4,15,Lipjan,21.020850184958302,42.5347009965035
313,2020-07-07,Lipjan,10,15,Lipjan,21.020850184958302,42.5347009965035
314,2020-07-08,Lipjan,8,15,Lipjan,21.020850184958302,42.5347009965035
315,2020-06-18,Pejë,9,16,Peje,20.2256226472019,42.688862392420795
316,2020-06-19,Pejë,0,16,Peje,20.2256226472019,42.688862392420795
317,2020-06-20,Pejë,0,16,Peje,20.2256226472019,42.688862392420795
318,2020-06-21,Pejë,6,16,Peje,20.2256226472019,42.688862392420795
319,2020-06-22,Pejë,0,16,Peje,20.2256226472019,42.688862392420795
320,2020-06-23,Pejë,0,16,Peje,20.2256226472019,42.688862392420795
321,2020-06-24,Pejë,18,16,Peje,20.2256226472019,42.688862392420795
322,2020-06-25,Pejë,0,16,Peje,20.2256226472019,42.688862392420795
323,2020-06-26,Pejë,0,16,Peje,20.2256226472019,42.688862392420795
324,2020-06-27,Pejë,7,16,Peje,20.2256226472019,42.688862392420795
325,2020-06-28,Pejë,0,16,Peje,20.2256226472019,42.688862392420795
326,2020-06-29,Pejë,10,16,Peje,20.2256226472019,42.688862392420795
327,2020-06-30,Pejë,0,16,Peje,20.2256226472019,42.688862392420795
328,2020-07-01,Pejë,0,16,Peje,20.2256226472019,42.688862392420795
329,2020-07-02,Pejë,0,16,Peje,20.2256226472019,42.688862392420795
330,2020-07-03,Pejë,9,16,Peje,20.2256226472019,42.688862392420795
331,2020-07-04,Pejë,4,16,Peje,20.2256226472019,42.688862392420795
332,2020-07-05,Pejë,3,16,Peje,20.2256226472019,42.688862392420795
333,2020-07-06,Pejë,2,16,Peje,20.2256226472019,42.688862392420795
334,2020-07-07,Pejë,13,16,Peje,20.2256226472019,42.688862392420795
335,2020-07-08,Pejë,0,16,Peje,20.2256226472019,42.688862392420795
336,2020-06-18,Rahovec,0,17,Rahovec,20.6159138656811,42.410096362359795
337,2020-06-19,Rahovec,0,17,Rahovec,20.6159138656811,42.410096362359795
338,2020-06-20,Rahovec,0,17,Rahovec,20.6159138656811,42.410096362359795
339,2020-06-21,Rahovec,0,17,Rahovec,20.6159138656811,42.410096362359795
340,2020-06-22,Rahovec,0,17,Rahovec,20.6159138656811,42.410096362359795
341,2020-06-23,Rahovec,0,17,Rahovec,20.6159138656811,42.410096362359795
342,2020-06-24,Rahovec,0,17,Rahovec,20.6159138656811,42.410096362359795
343,2020-06-25,Rahovec,0,17,Rahovec,20.6159138656811,42.410096362359795
344,2020-06-26,Rahovec,4,17,Rahovec,20.6159138656811,42.410096362359795
345,2020-06-27,Rahovec,5,17,Rahovec,20.6159138656811,42.410096362359795
346,2020-06-28,Rahovec,2,17,Rahovec,20.6159138656811,42.410096362359795
347,2020-06-29,Rahovec,0,17,Rahovec,20.6159138656811,42.410096362359795
348,2020-06-30,Rahovec,0,17,Rahovec,20.6159138656811,42.410096362359795
349,2020-07-01,Rahovec,0,17,Rahovec,20.6159138656811,42.410096362359795
350,2020-07-02,Rahovec,0,17,Rahovec,20.6159138656811,42.410096362359795
351,2020-07-03,Rahovec,5,17,Rahovec,20.6159138656811,42.410096362359795
352,2020-07-04,Rahovec,0,17,Rahovec,20.6159138656811,42.410096362359795
353,2020-07-05,Rahovec,3,17,Rahovec,20.6159138656811,42.410096362359795
354,2020-07-06,Rahovec,3,17,Rahovec,20.6159138656811,42.410096362359795
355,2020-07-07,Rahovec,0,17,Rahovec,20.6159138656811,42.410096362359795
356,2020-07-08,Rahovec,0,17,Rahovec,20.6159138656811,42.410096362359795
357,2020-06-18,Prizren,0,18,Prizren,20.6941423844297,42.2114315068722
358,2020-06-19,Prizren,5,18,Prizren,20.6941423844297,42.2114315068722
359,2020-06-20,Prizren,5,18,Prizren,20.6941423844297,42.2114315068722
360,2020-06-21,Prizren,19,18,Prizren,20.6941423844297,42.2114315068722
361,2020-06-22,Prizren,4,18,Prizren,20.6941423844297,42.2114315068722
362,2020-06-23,Prizren,15,18,Prizren,20.6941423844297,42.2114315068722
363,2020-06-24,Prizren,15,18,Prizren,20.6941423844297,42.2114315068722
364,2020-06-25,Prizren,5,18,Prizren,20.6941423844297,42.2114315068722
365,2020-06-26,Prizren,4,18,Prizren,20.6941423844297,42.2114315068722
366,2020-06-27,Prizren,10,18,Prizren,20.6941423844297,42.2114315068722
367,2020-06-28,Prizren,7,18,Prizren,20.6941423844297,42.2114315068722
368,2020-06-29,Prizren,7,18,Prizren,20.6941423844297,42.2114315068722
369,2020-06-30,Prizren,0,18,Prizren,20.6941423844297,42.2114315068722
370,2020-07-01,Prizren,11,18,Prizren,20.6941423844297,42.2114315068722
371,2020-07-02,Prizren,0,18,Prizren,20.6941423844297,42.2114315068722
372,2020-07-03,Prizren,8,18,Prizren,20.6941423844297,42.2114315068722
373,2020-07-04,Prizren,10,18,Prizren,20.6941423844297,42.2114315068722
374,2020-07-05,Prizren,16,18,Prizren,20.6941423844297,42.2114315068722
375,2020-07-06,Prizren,7,18,Prizren,20.6941423844297,42.2114315068722
376,2020-07-07,Prizren,4,18,Prizren,20.6941423844297,42.2114315068722
377,2020-07-08,Prizren,10,18,Prizren,20.6941423844297,42.2114315068722
378,2020-06-18,Prishtinë,14,20,Prishtine,21.270818608137397,42.6996260423513
379,2020-06-19,Prishtinë,4,20,Prishtine,21.270818608137397,42.6996260423513
380,2020-06-20,Prishtinë,36,20,Prishtine,21.270818608137397,42.6996260423513
381,2020-06-21,Prishtinë,19,20,Prishtine,21.270818608137397,42.6996260423513
382,2020-06-22,Prishtinë,18,20,Prishtine,21.270818608137397,42.6996260423513
383,2020-06-23,Prishtinë,13,20,Prishtine,21.270818608137397,42.6996260423513
384,2020-06-24,Prishtinë,15,20,Prishtine,21.270818608137397,42.6996260423513
385,2020-06-25,Prishtinë,37,20,Prishtine,21.270818608137397,42.6996260423513
386,2020-06-26,Prishtinë,32,20,Prishtine,21.270818608137397,42.6996260423513
387,2020-06-27,Prishtinë,44,20,Prishtine,21.270818608137397,42.6996260423513
388,2020-06-28,Prishtinë,33,20,Prishtine,21.270818608137397,42.6996260423513
389,2020-06-29,Prishtinë,41,20,Prishtine,21.270818608137397,42.6996260423513
390,2020-06-30,Prishtinë,40,20,Prishtine,21.270818608137397,42.6996260423513
391,2020-07-01,Prishtinë,36,20,Prishtine,21.270818608137397,42.6996260423513
392,2020-07-02,Prishtinë,44,20,Prishtine,21.270818608137397,42.6996260423513
393,2020-07-03,Prishtinë,17,20,Prishtine,21.270818608137397,42.6996260423513
394,2020-07-04,Prishtinë,81,20,Prishtine,21.270818608137397,42.6996260423513
395,2020-07-05,Prishtinë,57,20,Prishtine,21.270818608137397,42.6996260423513
396,2020-07-06,Prishtinë,2,20,Prishtine,21.270818608137397,42.6996260423513
397,2020-07-07,Prishtinë,73,20,Prishtine,21.270818608137397,42.6996260423513
398,2020-07-08,Prishtinë,68,20,Prishtine,21.270818608137397,42.6996260423513
399,2020-06-18,Podujevë,0,21,Podujeve,21.158630314885897,42.9482739887055
400,2020-06-19,Podujevë,2,21,Podujeve,21.158630314885897,42.9482739887055
401,2020-06-20,Podujevë,0,21,Podujeve,21.158630314885897,42.9482739887055
402,2020-06-21,Podujevë,0,21,Podujeve,21.158630314885897,42.9482739887055
403,2020-06-22,Podujevë,3,21,Podujeve,21.158630314885897,42.9482739887055
404,2020-06-23,Podujevë,0,21,Podujeve,21.158630314885897,42.9482739887055
405,2020-06-24,Podujevë,0,21,Podujeve,21.158630314885897,42.9482739887055
406,2020-06-25,Podujevë,0,21,Podujeve,21.158630314885897,42.9482739887055
407,2020-06-26,Podujevë,0,21,Podujeve,21.158630314885897,42.9482739887055
408,2020-06-27,Podujevë,0,21,Podujeve,21.158630314885897,42.9482739887055
409,2020-06-28,Podujevë,6,21,Podujeve,21.158630314885897,42.9482739887055
410,2020-06-29,Podujevë,4,21,Podujeve,21.158630314885897,42.9482739887055
411,2020-06-30,Podujevë,3,21,Podujeve,21.158630314885897,42.9482739887055
412,2020-07-01,Podujevë,0,21,Podujeve,21.158630314885897,42.9482739887055
413,2020-07-02,Podujevë,0,21,Podujeve,21.158630314885897,42.9482739887055
414,2020-07-03,Podujevë,0,21,Podujeve,21.158630314885897,42.9482739887055
415,2020-07-04,Podujevë,4,21,Podujeve,21.158630314885897,42.9482739887055
416,2020-07-05,Podujevë,0,21,Podujeve,21.158630314885897,42.9482739887055
417,2020-07-06,Podujevë,0,21,Podujeve,21.158630314885897,42.9482739887055
418,2020-07-07,Podujevë,3,21,Podujeve,21.158630314885897,42.9482739887055
419,2020-07-08,Podujevë,3,21,Podujeve,21.158630314885897,42.9482739887055
420,2020-06-18,Shtërpcë,0,22,Shterpce,21.0036824552811,42.235782539098395
421,2020-06-19,Shtërpcë,0,22,Shterpce,21.0036824552811,42.235782539098395
422,2020-06-20,Shtërpcë,0,22,Shterpce,21.0036824552811,42.235782539098395
423,2020-06-21,Shtërpcë,0,22,Shterpce,21.0036824552811,42.235782539098395
424,2020-06-22,Shtërpcë,0,22,Shterpce,21.0036824552811,42.235782539098395
425,2020-06-23,Shtërpcë,0,22,Shterpce,21.0036824552811,42.235782539098395
426,2020-06-24,Shtërpcë,0,22,Shterpce,21.0036824552811,42.235782539098395
427,2020-06-25,Shtërpcë,0,22,Shterpce,21.0036824552811,42.235782539098395
428,2020-06-26,Shtërpcë,0,22,Shterpce,21.0036824552811,42.235782539098395
429,2020-06-27,Shtërpcë,0,22,Shterpce,21.0036824552811,42.235782539098395
430,2020-06-28,Shtërpcë,0,22,Shterpce,21.0036824552811,42.235782539098395
431,2020-06-29,Shtërpcë,0,22,Shterpce,21.0036824552811,42.235782539098395
432,2020-06-30,Shtërpcë,0,22,Shterpce,21.0036824552811,42.235782539098395
433,2020-07-01,Shtërpcë,0,22,Shterpce,21.0036824552811,42.235782539098395
434,2020-07-02,Shtërpcë,0,22,Shterpce,21.0036824552811,42.235782539098395
435,2020-07-03,Shtërpcë,0,22,Shterpce,21.0036824552811,42.235782539098395
436,2020-07-04,Shtërpcë,0,22,Shterpce,21.0036824552811,42.235782539098395
437,2020-07-05,Shtërpcë,0,22,Shterpce,21.0036824552811,42.235782539098395
438,2020-07-06,Shtërpcë,0,22,Shterpce,21.0036824552811,42.235782539098395
439,2020-07-07,Shtërpcë,0,22,Shterpce,21.0036824552811,42.235782539098395
440,2020-07-08,Shtërpcë,0,22,Shterpce,21.0036824552811,42.235782539098395
441,2020-06-18,Shtime,0,23,Shtime,21.0299930294413,42.4337577494932
442,2020-06-19,Shtime,0,23,Shtime,21.0299930294413,42.4337577494932
443,2020-06-20,Shtime,0,23,Shtime,21.0299930294413,42.4337577494932
444,2020-06-21,Shtime,0,23,Shtime,21.0299930294413,42.4337577494932
445,2020-06-22,Shtime,0,23,Shtime,21.0299930294413,42.4337577494932
446,2020-06-23,Shtime,0,23,Shtime,21.0299930294413,42.4337577494932
447,2020-06-24,Shtime,0,23,Shtime,21.0299930294413,42.4337577494932
448,2020-06-25,Shtime,0,23,Shtime,21.0299930294413,42.4337577494932
449,2020-06-26,Shtime,0,23,Shtime,21.0299930294413,42.4337577494932
450,2020-06-27,Shtime,0,23,Shtime,21.0299930294413,42.4337577494932
451,2020-06-28,Shtime,0,23,Shtime,21.0299930294413,42.4337577494932
452,2020-06-29,Shtime,2,23,Shtime,21.0299930294413,42.4337577494932
453,2020-06-30,Shtime,0,23,Shtime,21.0299930294413,42.4337577494932
454,2020-07-01,Shtime,0,23,Shtime,21.0299930294413,42.4337577494932
455,2020-07-02,Shtime,0,23,Shtime,21.0299930294413,42.4337577494932
456,2020-07-03,Shtime,0,23,Shtime,21.0299930294413,42.4337577494932
457,2020-07-04,Shtime,3,23,Shtime,21.0299930294413,42.4337577494932
458,2020-07-05,Shtime,0,23,Shtime,21.0299930294413,42.4337577494932
459,2020-07-06,Shtime,0,23,Shtime,21.0299930294413,42.4337577494932
460,2020-07-07,Shtime,0,23,Shtime,21.0299930294413,42.4337577494932
461,2020-07-08,Shtime,0,23,Shtime,21.0299930294413,42.4337577494932
462,2020-06-18,Skënderaj,0,24,Skenderaj,20.7882571228731,42.732906462759296
463,2020-06-19,Skënderaj,0,24,Skenderaj,20.7882571228731,42.732906462759296
464,2020-06-20,Skënderaj,0,24,Skenderaj,20.7882571228731,42.732906462759296
465,2020-06-21,Skënderaj,0,24,Skenderaj,20.7882571228731,42.732906462759296
466,2020-06-22,Skënderaj,0,24,Skenderaj,20.7882571228731,42.732906462759296
467,2020-06-23,Skënderaj,0,24,Skenderaj,20.7882571228731,42.732906462759296
468,2020-06-24,Skënderaj,0,24,Skenderaj,20.7882571228731,42.732906462759296
469,2020-06-25,Skënderaj,0,24,Skenderaj,20.7882571228731,42.732906462759296
470,2020-06-26,Skënderaj,0,24,Skenderaj,20.7882571228731,42.732906462759296
471,2020-06-27,Skënderaj,0,24,Skenderaj,20.7882571228731,42.732906462759296
472,2020-06-28,Skënderaj,0,24,Skenderaj,20.7882571228731,42.732906462759296
473,2020-06-29,Skënderaj,0,24,Skenderaj,20.7882571228731,42.732906462759296
474,2020-06-30,Skënderaj,0,24,Skenderaj,20.7882571228731,42.732906462759296
475,2020-07-01,Skënderaj,0,24,Skenderaj,20.7882571228731,42.732906462759296
476,2020-07-02,Skënderaj,0,24,Skenderaj,20.7882571228731,42.732906462759296
477,2020-07-03,Skënderaj,0,24,Skenderaj,20.7882571228731,42.732906462759296
478,2020-07-04,Skënderaj,0,24,Skenderaj,20.7882571228731,42.732906462759296
479,2020-07-05,Skënderaj,0,24,Skenderaj,20.7882571228731,42.732906462759296
480,2020-07-06,Skënderaj,0,24,Skenderaj,20.7882571228731,42.732906462759296
481,2020-07-07,Skënderaj,0,24,Skenderaj,20.7882571228731,42.732906462759296
482,2020-07-08,Skënderaj,0,24,Skenderaj,20.7882571228731,42.732906462759296
483,2020-06-18,Viti,0,25,Viti,21.3124372451749,42.338611216194295
484,2020-06-19,Viti,3,25,Viti,21.3124372451749,42.338611216194295
485,2020-06-20,Viti,0,25,Viti,21.3124372451749,42.338611216194295
486,2020-06-21,Viti,6,25,Viti,21.3124372451749,42.338611216194295
487,2020-06-22,Viti,3,25,Viti,21.3124372451749,42.338611216194295
488,2020-06-23,Viti,0,25,Viti,21.3124372451749,42.338611216194295
489,2020-06-24,Viti,16,25,Viti,21.3124372451749,42.338611216194295
490,2020-06-25,Viti,0,25,Viti,21.3124372451749,42.338611216194295
491,2020-06-26,Viti,0,25,Viti,21.3124372451749,42.338611216194295
492,2020-06-27,Viti,0,25,Viti,21.3124372451749,42.338611216194295
493,2020-06-28,Viti,0,25,Viti,21.3124372451749,42.338611216194295
494,2020-06-29,Viti,3,25,Viti,21.3124372451749,42.338611216194295
495,2020-06-30,Viti,0,25,Viti,21.3124372451749,42.338611216194295
496,2020-07-01,Viti,2,25,Viti,21.3124372451749,42.338611216194295
497,2020-07-02,Viti,0,25,Viti,21.3124372451749,42.338611216194295
498,2020-07-03,Viti,3,25,Viti,21.3124372451749,42.338611216194295
499,2020-07-04,Viti,2,25,Viti,21.3124372451749,42.338611216194295
500,2020-07-05,Viti,0,25,Viti,21.3124372451749,42.338611216194295
501,2020-07-06,Viti,0,25,Viti,21.3124372451749,42.338611216194295
502,2020-07-07,Viti,0,25,Viti,21.3124372451749,42.338611216194295
503,2020-07-08,Viti,0,25,Viti,21.3124372451749,42.338611216194295
504,2020-06-18,Ferizaj,0,26,Ferizaj,21.143618596764604,42.3760653308032
505,2020-06-19,Ferizaj,3,26,Ferizaj,21.143618596764604,42.3760653308032
506,2020-06-20,Ferizaj,0,26,Ferizaj,21.143618596764604,42.3760653308032
507,2020-06-21,Ferizaj,0,26,Ferizaj,21.143618596764604,42.3760653308032
508,2020-06-22,Ferizaj,0,26,Ferizaj,21.143618596764604,42.3760653308032
509,2020-06-23,Ferizaj,0,26,Ferizaj,21.143618596764604,42.3760653308032
510,2020-06-24,Ferizaj,0,26,Ferizaj,21.143618596764604,42.3760653308032
511,2020-06-25,Ferizaj,2,26,Ferizaj,21.143618596764604,42.3760653308032
512,2020-06-26,Ferizaj,0,26,Ferizaj,21.143618596764604,42.3760653308032
513,2020-06-27,Ferizaj,5,26,Ferizaj,21.143618596764604,42.3760653308032
514,2020-06-28,Ferizaj,3,26,Ferizaj,21.143618596764604,42.3760653308032
515,2020-06-29,Ferizaj,21,26,Ferizaj,21.143618596764604,42.3760653308032
516,2020-06-30,Ferizaj,2,26,Ferizaj,21.143618596764604,42.3760653308032
517,2020-07-01,Ferizaj,15,26,Ferizaj,21.143618596764604,42.3760653308032
518,2020-07-02,Ferizaj,5,26,Ferizaj,21.143618596764604,42.3760653308032
519,2020-07-03,Ferizaj,35,26,Ferizaj,21.143618596764604,42.3760653308032
520,2020-07-04,Ferizaj,10,26,Ferizaj,21.143618596764604,42.3760653308032
521,2020-07-05,Ferizaj,0,26,Ferizaj,21.143618596764604,42.3760653308032
522,2020-07-06,Ferizaj,17,26,Ferizaj,21.143618596764604,42.3760653308032
523,2020-07-07,Ferizaj,6,26,Ferizaj,21.143618596764604,42.3760653308032
524,2020-07-08,Ferizaj,55,26,Ferizaj,21.143618596764604,42.3760653308032
525,2020-06-18,Suharekë,0,27,Suhareke,20.8498703867173,42.363765401585496
526,2020-06-19,Suharekë,0,27,Suhareke,20.8498703867173,42.363765401585496
527,2020-06-20,Suharekë,0,27,Suhareke,20.8498703867173,42.363765401585496
528,2020-06-21,Suharekë,0,27,Suhareke,20.8498703867173,42.363765401585496
529,2020-06-22,Suharekë,0,27,Suhareke,20.8498703867173,42.363765401585496
530,2020-06-23,Suharekë,0,27,Suhareke,20.8498703867173,42.363765401585496
531,2020-06-24,Suharekë,0,27,Suhareke,20.8498703867173,42.363765401585496
532,2020-06-25,Suharekë,0,27,Suhareke,20.8498703867173,42.363765401585496
533,2020-06-26,Suharekë,0,27,Suhareke,20.8498703867173,42.363765401585496
534,2020-06-27,Suharekë,4,27,Suhareke,20.8498703867173,42.363765401585496
535,2020-06-28,Suharekë,4,27,Suhareke,20.8498703867173,42.363765401585496
536,2020-06-29,Suharekë,0,27,Suhareke,20.8498703867173,42.363765401585496
537,2020-06-30,Suharekë,0,27,Suhareke,20.8498703867173,42.363765401585496
538,2020-07-01,Suharekë,0,27,Suhareke,20.8498703867173,42.363765401585496
539,2020-07-02,Suharekë,0,27,Suhareke,20.8498703867173,42.363765401585496
540,2020-07-03,Suharekë,0,27,Suhareke,20.8498703867173,42.363765401585496
541,2020-07-04,Suharekë,0,27,Suhareke,20.8498703867173,42.363765401585496
542,2020-07-05,Suharekë,2,27,Suhareke,20.8498703867173,42.363765401585496
543,2020-07-06,Suharekë,0,27,Suhareke,20.8498703867173,42.363765401585496
544,2020-07-07,Suharekë,0,27,Suhareke,20.8498703867173,42.363765401585496
545,2020-07-08,Suharekë,0,27,Suhareke,20.8498703867173,42.363765401585496
546,2020-06-18,Zveçan,0,28,Zvecan,20.7843513338577,42.976023809740106
547,2020-06-19,Zveçan,0,28,Zvecan,20.7843513338577,42.976023809740106
548,2020-06-20,Zveçan,0,28,Zvecan,20.7843513338577,42.976023809740106
549,2020-06-21,Zveçan,0,28,Zvecan,20.7843513338577,42.976023809740106
550,2020-06-22,Zveçan,0,28,Zvecan,20.7843513338577,42.976023809740106
551,2020-06-23,Zveçan,0,28,Zvecan,20.7843513338577,42.976023809740106
552,2020-06-24,Zveçan,0,28,Zvecan,20.7843513338577,42.976023809740106
553,2020-06-25,Zveçan,0,28,Zvecan,20.7843513338577,42.976023809740106
554,2020-06-26,Zveçan,0,28,Zvecan,20.7843513338577,42.976023809740106
555,2020-06-27,Zveçan,0,28,Zvecan,20.7843513338577,42.976023809740106
556,2020-06-28,Zveçan,0,28,Zvecan,20.7843513338577,42.976023809740106
557,2020-06-29,Zveçan,0,28,Zvecan,20.7843513338577,42.976023809740106
558,2020-06-30,Zveçan,0,28,Zvecan,20.7843513338577,42.976023809740106
559,2020-07-01,Zveçan,0,28,Zvecan,20.7843513338577,42.976023809740106
560,2020-07-02,Zveçan,0,28,Zvecan,20.7843513338577,42.976023809740106
561,2020-07-03,Zveçan,0,28,Zvecan,20.7843513338577,42.976023809740106
562,2020-07-04,Zveçan,0,28,Zvecan,20.7843513338577,42.976023809740106
563,2020-07-05,Zveçan,0,28,Zvecan,20.7843513338577,42.976023809740106
564,2020-07-06,Zveçan,0,28,Zvecan,20.7843513338577,42.976023809740106
565,2020-07-07,Zveçan,0,28,Zvecan,20.7843513338577,42.976023809740106
566,2020-07-08,Zveçan,0,28,Zvecan,20.7843513338577,42.976023809740106
567,2020-06-18,Zubin Potok,0,29,Zubin Potok,20.640501630445602,42.9218291630997
568,2020-06-19,Zubin Potok,0,29,Zubin Potok,20.640501630445602,42.9218291630997
569,2020-06-20,Zubin Potok,0,29,Zubin Potok,20.640501630445602,42.9218291630997
570,2020-06-21,Zubin Potok,0,29,Zubin Potok,20.640501630445602,42.9218291630997
571,2020-06-22,Zubin Potok,0,29,Zubin Potok,20.640501630445602,42.9218291630997
572,2020-06-23,Zubin Potok,0,29,Zubin Potok,20.640501630445602,42.9218291630997
573,2020-06-24,Zubin Potok,0,29,Zubin Potok,20.640501630445602,42.9218291630997
574,2020-06-25,Zubin Potok,0,29,Zubin Potok,20.640501630445602,42.9218291630997
575,2020-06-26,Zubin Potok,0,29,Zubin Potok,20.640501630445602,42.9218291630997
576,2020-06-27,Zubin Potok,0,29,Zubin Potok,20.640501630445602,42.9218291630997
577,2020-06-28,Zubin Potok,0,29,Zubin Potok,20.640501630445602,42.9218291630997
578,2020-06-29,Zubin Potok,0,29,Zubin Potok,20.640501630445602,42.9218291630997
579,2020-06-30,Zubin Potok,0,29,Zubin Potok,20.640501630445602,42.9218291630997
580,2020-07-01,Zubin Potok,0,29,Zubin Potok,20.640501630445602,42.9218291630997
581,2020-07-02,Zubin Potok,0,29,Zubin Potok,20.640501630445602,42.9218291630997
582,2020-07-03,Zubin Potok,0,29,Zubin Potok,20.640501630445602,42.9218291630997
583,2020-07-04,Zubin Potok,0,29,Zubin Potok,20.640501630445602,42.9218291630997
584,2020-07-05,Zubin Potok,0,29,Zubin Potok,20.640501630445602,42.9218291630997
585,2020-07-06,Zubin Potok,0,29,Zubin Potok,20.640501630445602,42.9218291630997
586,2020-07-07,Zubin Potok,0,29,Zubin Potok,20.640501630445602,42.9218291630997
587,2020-07-08,Zubin Potok,0,29,Zubin Potok,20.640501630445602,42.9218291630997
588,2020-06-18,Vushtrri,15,30,Vushtrri,20.9814721778087,42.8161387374413
589,2020-06-19,Vushtrri,7,30,Vushtrri,20.9814721778087,42.8161387374413
590,2020-06-20,Vushtrri,9,30,Vushtrri,20.9814721778087,42.8161387374413
591,2020-06-21,Vushtrri,3,30,Vushtrri,20.9814721778087,42.8161387374413
592,2020-06-22,Vushtrri,6,30,Vushtrri,20.9814721778087,42.8161387374413
593,2020-06-23,Vushtrri,4,30,Vushtrri,20.9814721778087,42.8161387374413
594,2020-06-24,Vushtrri,0,30,Vushtrri,20.9814721778087,42.8161387374413
595,2020-06-25,Vushtrri,0,30,Vushtrri,20.9814721778087,42.8161387374413
596,2020-06-26,Vushtrri,0,30,Vushtrri,20.9814721778087,42.8161387374413
597,2020-06-27,Vushtrri,4,30,Vushtrri,20.9814721778087,42.8161387374413
598,2020-06-28,Vushtrri,3,30,Vushtrri,20.9814721778087,42.8161387374413
599,2020-06-29,Vushtrri,5,30,Vushtrri,20.9814721778087,42.8161387374413
600,2020-06-30,Vushtrri,10,30,Vushtrri,20.9814721778087,42.8161387374413
601,2020-07-01,Vushtrri,6,30,Vushtrri,20.9814721778087,42.8161387374413
602,2020-07-02,Vushtrri,5,30,Vushtrri,20.9814721778087,42.8161387374413
603,2020-07-03,Vushtrri,9,30,Vushtrri,20.9814721778087,42.8161387374413
604,2020-07-04,Vushtrri,8,30,Vushtrri,20.9814721778087,42.8161387374413
605,2020-07-05,Vushtrri,9,30,Vushtrri,20.9814721778087,42.8161387374413
606,2020-07-06,Vushtrri,2,30,Vushtrri,20.9814721778087,42.8161387374413
607,2020-07-07,Vushtrri,11,30,Vushtrri,20.9814721778087,42.8161387374413
608,2020-07-08,Vushtrri,6,30,Vushtrri,20.9814721778087,42.8161387374413
609,2020-06-18,Mamushë,7,31,Mamushe,20.7338044000107,42.3253727850614
610,2020-06-19,Mamushë,0,31,Mamushe,20.7338044000107,42.3253727850614
611,2020-06-20,Mamushë,0,31,Mamushe,20.7338044000107,42.3253727850614
612,2020-06-21,Mamushë,0,31,Mamushe,20.7338044000107,42.3253727850614
613,2020-06-22,Mamushë,0,31,Mamushe,20.7338044000107,42.3253727850614
614,2020-06-23,Mamushë,6,31,Mamushe,20.7338044000107,42.3253727850614
615,2020-06-24,Mamushë,8,31,Mamushe,20.7338044000107,42.3253727850614
616,2020-06-25,Mamushë,0,31,Mamushe,20.7338044000107,42.3253727850614
617,2020-06-26,Mamushë,2,31,Mamushe,20.7338044000107,42.3253727850614
618,2020-06-27,Mamushë,0,31,Mamushe,20.7338044000107,42.3253727850614
619,2020-06-28,Mamushë,3,31,Mamushe,20.7338044000107,42.3253727850614
620,2020-06-29,Mamushë,0,31,Mamushe,20.7338044000107,42.3253727850614
621,2020-06-30,Mamushë,0,31,Mamushe,20.7338044000107,42.3253727850614
622,2020-07-01,Mamushë,0,31,Mamushe,20.7338044000107,42.3253727850614
623,2020-07-02,Mamushë,0,31,Mamushe,20.7338044000107,42.3253727850614
624,2020-07-03,Mamushë,0,31,Mamushe,20.7338044000107,42.3253727850614
625,2020-07-04,Mamushë,0,31,Mamushe,20.7338044000107,42.3253727850614
626,2020-07-05,Mamushë,0,31,Mamushe,20.7338044000107,42.3253727850614
627,2020-07-06,Mamushë,0,31,Mamushe,20.7338044000107,42.3253727850614
628,2020-07-07,Mamushë,0,31,Mamushe,20.7338044000107,42.3253727850614
629,2020-07-08,Mamushë,0,31,Mamushe,20.7338044000107,42.3253727850614
630,2020-06-18,Junik,0,32,Junik,20.2014138079546,42.509638768744004
631,2020-06-19,Junik,0,32,Junik,20.2014138079546,42.509638768744004
632,2020-06-20,Junik,0,32,Junik,20.2014138079546,42.509638768744004
633,2020-06-21,Junik,0,32,Junik,20.2014138079546,42.509638768744004
634,2020-06-22,Junik,0,32,Junik,20.2014138079546,42.509638768744004
635,2020-06-23,Junik,0,32,Junik,20.2014138079546,42.509638768744004
636,2020-06-24,Junik,0,32,Junik,20.2014138079546,42.509638768744004
637,2020-06-25,Junik,0,32,Junik,20.2014138079546,42.509638768744004
638,2020-06-26,Junik,0,32,Junik,20.2014138079546,42.509638768744004
639,2020-06-27,Junik,0,32,Junik,20.2014138079546,42.509638768744004
640,2020-06-28,Junik,0,32,Junik,20.2014138079546,42.509638768744004
641,2020-06-29,Junik,0,32,Junik,20.2014138079546,42.509638768744004
642,2020-06-30,Junik,0,32,Junik,20.2014138079546,42.509638768744004
643,2020-07-01,Junik,0,32,Junik,20.2014138079546,42.509638768744004
644,2020-07-02,Junik,0,32,Junik,20.2014138079546,42.509638768744004
645,2020-07-03,Junik,0,32,Junik,20.2014138079546,42.509638768744004
646,2020-07-04,Junik,0,32,Junik,20.2014138079546,42.509638768744004
647,2020-07-05,Junik,0,32,Junik,20.2014138079546,42.509638768744004
648,2020-07-06,Junik,0,32,Junik,20.2014138079546,42.509638768744004
649,2020-07-07,Junik,0,32,Junik,20.2014138079546,42.509638768744004
650,2020-07-08,Junik,0,32,Junik,20.2014138079546,42.509638768744004
651,2020-06-18,Malishevë,0,33,Malisheve,20.714511835412,42.5024646750472
652,2020-06-19,Malishevë,0,33,Malisheve,20.714511835412,42.5024646750472
653,2020-06-20,Malishevë,0,33,Malisheve,20.714511835412,42.5024646750472
654,2020-06-21,Malishevë,0,33,Malisheve,20.714511835412,42.5024646750472
655,2020-06-22,Malishevë,0,33,Malisheve,20.714511835412,42.5024646750472
656,2020-06-23,Malishevë,0,33,Malisheve,20.714511835412,42.5024646750472
657,2020-06-24,Malishevë,0,33,Malisheve,20.714511835412,42.5024646750472
658,2020-06-25,Malishevë,0,33,Malisheve,20.714511835412,42.5024646750472
659,2020-06-26,Malishevë,0,33,Malisheve,20.714511835412,42.5024646750472
660,2020-06-27,Malishevë,0,33,Malisheve,20.714511835412,42.5024646750472
661,2020-06-28,Malishevë,0,33,Malisheve,20.714511835412,42.5024646750472
662,2020-06-29,Malishevë,0,33,Malisheve,20.714511835412,42.5024646750472
663,2020-06-30,Malishevë,0,33,Malisheve,20.714511835412,42.5024646750472
664,2020-07-01,Malishevë,0,33,Malisheve,20.714511835412,42.5024646750472
665,2020-07-02,Malishevë,0,33,Malisheve,20.714511835412,42.5024646750472
666,2020-07-03,Malishevë,0,33,Malisheve,20.714511835412,42.5024646750472
667,2020-07-04,Malishevë,0,33,Malisheve,20.714511835412,42.5024646750472
668,2020-07-05,Malishevë,2,33,Malisheve,20.714511835412,42.5024646750472
669,2020-07-06,Malishevë,0,33,Malisheve,20.714511835412,42.5024646750472
670,2020-07-07,Malishevë,0,33,Malisheve,20.714511835412,42.5024646750472
671,2020-07-08,Malishevë,0,33,Malisheve,20.714511835412,42.5024646750472
672,2020-06-18,Ranillug,0,34,Ranillug,21.615597602235397,42.5092012433326
673,2020-06-19,Ranillug,0,34,Ranillug,21.615597602235397,42.5092012433326
674,2020-06-20,Ranillug,0,34,Ranillug,21.615597602235397,42.5092012433326
675,2020-06-21,Ranillug,0,34,Ranillug,21.615597602235397,42.5092012433326
676,2020-06-22,Ranillug,0,34,Ranillug,21.615597602235397,42.5092012433326
677,2020-06-23,Ranillug,0,34,Ranillug,21.615597602235397,42.5092012433326
678,2020-06-24,Ranillug,0,34,Ranillug,21.615597602235397,42.5092012433326
679,2020-06-25,Ranillug,0,34,Ranillug,21.615597602235397,42.5092012433326
680,2020-06-26,Ranillug,0,34,Ranillug,21.615597602235397,42.5092012433326
681,2020-06-27,Ranillug,0,34,Ranillug,21.615597602235397,42.5092012433326
682,2020-06-28,Ranillug,0,34,Ranillug,21.615597602235397,42.5092012433326
683,2020-06-29,Ranillug,0,34,Ranillug,21.615597602235397,42.5092012433326
684,2020-06-30,Ranillug,0,34,Ranillug,21.615597602235397,42.5092012433326
685,2020-07-01,Ranillug,0,34,Ranillug,21.615597602235397,42.5092012433326
686,2020-07-02,Ranillug,0,34,Ranillug,21.615597602235397,42.5092012433326
687,2020-07-03,Ranillug,0,34,Ranillug,21.615597602235397,42.5092012433326
688,2020-07-04,Ranillug,0,34,Ranillug,21.615597602235397,42.5092012433326
689,2020-07-05,Ranillug,0,34,Ranillug,21.615597602235397,42.5092012433326
690,2020-07-06,Ranillug,0,34,Ranillug,21.615597602235397,42.5092012433326
691,2020-07-07,Ranillug,0,34,Ranillug,21.615597602235397,42.5092012433326
692,2020-07-08,Ranillug,0,34,Ranillug,21.615597602235397,42.5092012433326
693,2020-06-18,Graçanicë,0,35,Gracanice,21.1652318498971,42.5769928912085
694,2020-06-19,Graçanicë,0,35,Gracanice,21.1652318498971,42.5769928912085
695,2020-06-20,Graçanicë,0,35,Gracanice,21.1652318498971,42.5769928912085
696,2020-06-21,Graçanicë,0,35,Gracanice,21.1652318498971,42.5769928912085
697,2020-06-22,Graçanicë,0,35,Gracanice,21.1652318498971,42.5769928912085
698,2020-06-23,Graçanicë,0,35,Gracanice,21.1652318498971,42.5769928912085
699,2020-06-24,Graçanicë,0,35,Gracanice,21.1652318498971,42.5769928912085
700,2020-06-25,Graçanicë,0,35,Gracanice,21.1652318498971,42.5769928912085
701,2020-06-26,Graçanicë,0,35,Gracanice,21.1652318498971,42.5769928912085
702,2020-06-27,Graçanicë,0,35,Gracanice,21.1652318498971,42.5769928912085
703,2020-06-28,Graçanicë,0,35,Gracanice,21.1652318498971,42.5769928912085
704,2020-06-29,Graçanicë,0,35,Gracanice,21.1652318498971,42.5769928912085
705,2020-06-30,Graçanicë,0,35,Gracanice,21.1652318498971,42.5769928912085
706,2020-07-01,Graçanicë,0,35,Gracanice,21.1652318498971,42.5769928912085
707,2020-07-02,Graçanicë,0,35,Gracanice,21.1652318498971,42.5769928912085
708,2020-07-03,Graçanicë,0,35,Gracanice,21.1652318498971,42.5769928912085
709,2020-07-04,Graçanicë,0,35,Gracanice,21.1652318498971,42.5769928912085
710,2020-07-05,Graçanicë,0,35,Gracanice,21.1652318498971,42.5769928912085
711,2020-07-06,Graçanicë,0,35,Gracanice,21.1652318498971,42.5769928912085
712,2020-07-07,Graçanicë,0,35,Gracanice,21.1652318498971,42.5769928912085
713,2020-07-08,Graçanicë,0,35,Gracanice,21.1652318498971,42.5769928912085
714,2020-06-18,Hani i Elezit,0,36,Hani i Elezit,21.2586432550405,42.15330780268
715,2020-06-19,Hani i Elezit,0,36,Hani i Elezit,21.2586432550405,42.15330780268
716,2020-06-20,Hani i Elezit,0,36,Hani i Elezit,21.2586432550405,42.15330780268
717,2020-06-21,Hani i Elezit,0,36,Hani i Elezit,21.2586432550405,42.15330780268
718,2020-06-22,Hani i Elezit,0,36,Hani i Elezit,21.2586432550405,42.15330780268
719,2020-06-23,Hani i Elezit,0,36,Hani i Elezit,21.2586432550405,42.15330780268
720,2020-06-24,Hani i Elezit,0,36,Hani i Elezit,21.2586432550405,42.15330780268
721,2020-06-25,Hani i Elezit,0,36,Hani i Elezit,21.2586432550405,42.15330780268
722,2020-06-26,Hani i Elezit,0,36,Hani i Elezit,21.2586432550405,42.15330780268
723,2020-06-27,Hani i Elezit,0,36,Hani i Elezit,21.2586432550405,42.15330780268
724,2020-06-28,Hani i Elezit,0,36,Hani i Elezit,21.2586432550405,42.15330780268
725,2020-06-29,Hani i Elezit,0,36,Hani i Elezit,21.2586432550405,42.15330780268
726,2020-06-30,Hani i Elezit,0,36,Hani i Elezit,21.2586432550405,42.15330780268
727,2020-07-01,Hani i Elezit,0,36,Hani i Elezit,21.2586432550405,42.15330780268
728,2020-07-02,Hani i Elezit,0,36,Hani i Elezit,21.2586432550405,42.15330780268
729,2020-07-03,Hani i Elezit,0,36,Hani i Elezit,21.2586432550405,42.15330780268
730,2020-07-04,Hani i Elezit,0,36,Hani i Elezit,21.2586432550405,42.15330780268
731,2020-07-05,Hani i Elezit,0,36,Hani i Elezit,21.2586432550405,42.15330780268
732,2020-07-06,Hani i Elezit,0,36,Hani i Elezit,21.2586432550405,42.15330780268
733,2020-07-07,Hani i Elezit,0,36,Hani i Elezit,21.2586432550405,42.15330780268
734,2020-07-08,Hani i Elezit,0,36,Hani i Elezit,21.2586432550405,42.15330780268
735,2020-06-18,Kllokot,0,37,Kllokot,21.391632512886602,42.346718206876
736,2020-06-19,Kllokot,0,37,Kllokot,21.391632512886602,42.346718206876
737,2020-06-20,Kllokot,0,37,Kllokot,21.391632512886602,42.346718206876
738,2020-06-21,Kllokot,0,37,Kllokot,21.391632512886602,42.346718206876
739,2020-06-22,Kllokot,0,37,Kllokot,21.391632512886602,42.346718206876
740,2020-06-23,Kllokot,0,37,Kllokot,21.391632512886602,42.346718206876
741,2020-06-24,Kllokot,0,37,Kllokot,21.391632512886602,42.346718206876
742,2020-06-25,Kllokot,0,37,Kllokot,21.391632512886602,42.346718206876
743,2020-06-26,Kllokot,0,37,Kllokot,21.391632512886602,42.346718206876
744,2020-06-27,Kllokot,0,37,Kllokot,21.391632512886602,42.346718206876
745,2020-06-28,Kllokot,0,37,Kllokot,21.391632512886602,42.346718206876
746,2020-06-29,Kllokot,0,37,Kllokot,21.391632512886602,42.346718206876
747,2020-06-30,Kllokot,0,37,Kllokot,21.391632512886602,42.346718206876
748,2020-07-01,Kllokot,0,37,Kllokot,21.391632512886602,42.346718206876
749,2020-07-02,Kllokot,0,37,Kllokot,21.391632512886602,42.346718206876
750,2020-07-03,Kllokot,0,37,Kllokot,21.391632512886602,42.346718206876
751,2020-07-04,Kllokot,0,37,Kllokot,21.391632512886602,42.346718206876
752,2020-07-05,Kllokot,0,37,Kllokot,21.391632512886602,42.346718206876
753,2020-07-06,Kllokot,0,37,Kllokot,21.391632512886602,42.346718206876
754,2020-07-07,Kllokot,0,37,Kllokot,21.391632512886602,42.346718206876
755,2020-07-08,Kllokot,0,37,Kllokot,21.391632512886602,42.346718206876
756,2020-06-18,Partesh,0,38,Partesh,21.4780563301995,42.4039627704677
757,2020-06-19,Partesh,0,38,Partesh,21.4780563301995,42.4039627704677
758,2020-06-20,Partesh,0,38,Partesh,21.4780563301995,42.4039627704677
759,2020-06-21,Partesh,0,38,Partesh,21.4780563301995,42.4039627704677
760,2020-06-22,Partesh,0,38,Partesh,21.4780563301995,42.4039627704677
761,2020-06-23,Partesh,0,38,Partesh,21.4780563301995,42.4039627704677
762,2020-06-24,Partesh,0,38,Partesh,21.4780563301995,42.4039627704677
763,2020-06-25,Partesh,0,38,Partesh,21.4780563301995,42.4039627704677
764,2020-06-26,Partesh,0,38,Partesh,21.4780563301995,42.4039627704677
765,2020-06-27,Partesh,0,38,Partesh,21.4780563301995,42.4039627704677
766,2020-06-28,Partesh,0,38,Partesh,21.4780563301995,42.4039627704677
767,2020-06-29,Partesh,0,38,Partesh,21.4780563301995,42.4039627704677
768,2020-06-30,Partesh,0,38,Partesh,21.4780563301995,42.4039627704677
769,2020-07-01,Partesh,0,38,Partesh,21.4780563301995,42.4039627704677
770,2020-07-02,Partesh,0,38,Partesh,21.4780563301995,42.4039627704677
771,2020-07-03,Partesh,0,38,Partesh,21.4780563301995,42.4039627704677
772,2020-07-04,Partesh,0,38,Partesh,21.4780563301995,42.4039627704677
773,2020-07-05,Partesh,0,38,Partesh,21.4780563301995,42.4039627704677
774,2020-07-06,Partesh,0,38,Partesh,21.4780563301995,42.4039627704677
775,2020-07-07,Partesh,0,38,Partesh,21.4780563301995,42.4039627704677
776,2020-07-08,Partesh,0,38,Partesh,21.4780563301995,42.4039627704677
